code;area;year.1997;year.1998;year.1999;year.2000;year.2001;year.2002;year.2003;year.2004;year.2005;year.2006;year.2007;year.2008;year.2009;year.2010;year.2011;year.2012;year.2013;year.2014
15101;Arica;86.1;83.1;79.6;75.2;82;84.6;79.1;79.7;78.1;81.8;79.3;86.6;87.4;86.8;95.1;96.9;77.4;71
15102;Camarones;0;0;46.7;0;68.8;0;6;0;36.5;0;14.2;16.4;0;0;0;0;0;
15201;Putre;48.7;0.5;97.1;36.2;44.3;68.9;8.8;38.5;0;97.9;62.5;60.8;25.8;109.7;14.9;58.1;57.6;
15202;General Lagos;29.8;43.4;67.2;61.4;77.3;5.1;8.5;67.3;0;20.9;71;0;0;3.3;0;0;42.5;128.7
1101;Iquique;80.3;83.3;83.3;76.1;82;77.5;74.3;91.7;74.1;77.9;75.7;91.5;85.6;79;88.4;80.6;76.7;80.3
1107;Alto Hospicio;;;;;;;;11.1;51.1;50;63.5;52.3;52.6;49.6;42.8;47.5;59.8;58.7
1401;Pozo Almonte;119.1;89.6;69.4;28.1;123.6;35.6;45.8;44.3;75.3;59.5;50.2;62.6;33.6;34.3;59.8;58.3;73.7;48.2
1402;Camiña;69.8;113.4;48.9;223.3;66.7;21.7;120.5;268.8;48.7;111.6;98.3;214;57.3;82.9;27;17.2;40.2;36.2
1403;Colchane;54.5;118.2;197.4;81.8;51.3;7.3;6.8;15.4;102;33.1;33.1;37.1;0;120.7;0;0;0;33.6
1404;Huara;106.9;58.1;92.6;64.3;66.4;83.8;35.4;20.9;75.1;78;59.4;42.6;44.9;87.2;64.4;48.8;68.7;7.5
1405;Pica;43.5;48.5;30.6;18.8;27.2;38.9;21.9;37.3;31.8;8.1;29.2;22.6;22.2;38.7;24.7;12.4;8.8;39.4
2101;Antofagasta;91.6;91.3;90.8;84.8;85.9;85.9;78.9;77.7;71;73.1;85.6;81.2;77.5;76.2;73.1;71.1;75.8;76.6
2102;Mejillones;78.7;48.7;59.3;85.5;82.7;70.2;99.3;54.4;55.4;81.9;68.3;44.8;75.8;57.1;65.3;73.6;95.9;74.7
2103;Sierra Gorda;14.1;60.8;97.7;5;0.8;39.7;20.1;65.7;29.5;17.2;22.7;38.9;95.9;19.8;14.8;7;43.9;51.6
2104;Taltal;123.5;89.8;91.5;88.5;67;92.1;98.8;68.9;101.4;63.2;80.3;76.1;98.8;77;93;89.3;68;91.7
2201;Calama;89.3;91.3;77;68.8;85;77.9;71.9;68.9;79.7;72.1;95.3;89.2;95.1;85.1;77.5;89.2;70.1;79.1
2202;Ollagüe;318.7;34.5;0;0;455.7;0;0;0;0;0;219.8;0;20.2;0;0;181.8;0;
2203;San Pedro de Atacama;83.4;87.7;133.8;112.6;93.3;51.4;31.2;47.9;56;66.3;61.6;68.7;44.1;66.6;59;43.7;67.9;71.3
2301;Tocopilla;103.9;120.7;106.8;76;114.9;105.4;131.9;84.1;117.9;127.7;119.3;111.6;103.2;126.1;110.9;130.9;95.2;91.4
2302;María Elena;42.5;70.7;56.6;89.2;87.6;26.6;43.6;50.6;42;74.5;66.2;93.8;37.4;62.5;59.6;56.2;23.2;70
3101;Copiapó;88.7;85.4;69.1;78.9;76;72.8;64.1;71.3;66.8;69.3;69.3;71.6;75.9;68.3;76.5;70.2;66.9;63.2
3102;Caldera;43.8;67.3;60.2;83.1;57.3;43.2;72;67.9;62.5;55;64.7;50.3;92.4;70;70.2;65.1;62.5;67.3
3103;Tierra Amarilla;100.3;38.1;106;80.6;49.7;71.7;37.6;51.7;85.8;37.6;56.9;104.4;80.4;46.5;68.7;59;79.6;60.9
3201;Chañaral;112.1;118.6;78.5;52.4;59.6;68.6;78.7;111.4;92.2;99.3;85.1;100;96.3;76.8;102.3;109;80;96.8
3202;Diego de Almagro;96.3;55.9;63.2;61.6;68.3;62.3;61.3;84.8;45.5;93.1;55.1;97;92;76.1;64.6;63.5;51.7;74.3
3301;Vallenar;92.5;83.8;79.8;71.6;82.4;69.2;67.8;78.2;86.3;68.9;92.4;98.4;94.4;82.5;84.6;75;78.7;76.7
3302;Alto del Carmen;89.1;119.5;100.3;60.7;36.3;89.2;97.1;79.1;57.7;56.4;69.5;92.6;88;33.5;67.2;75.9;36;48.4
3303;Freirina;77.1;95.5;45.2;90.2;67.9;68.1;49.6;64.6;63.7;84.4;160.1;82.7;59.5;26;65.5;53.1;83.3;76.4
3304;Huasco;122.9;102.8;128;97.3;123.5;50.7;82;54.4;72.8;108.3;76.5;82.9;85.8;106.5;99.6;109.3;74.2;57.5
4101;La Serena;71.9;73.8;68.8;69.9;64.1;65.8;62.5;66;60.1;57.4;72;70.6;71.7;62.6;58.3;65.6;75.3;70
4102;Coquimbo;72.5;70.5;71.9;70.6;63;64.5;59.4;65.7;66.6;58.6;66.2;59.6;60;63.6;64.1;64.2;63.5;58.8
4103;Andacollo;86.4;87.4;93.9;79.6;87.7;56.1;78;113.6;79.3;99;66.4;91.8;115;108.5;98.9;119.7;66.3;82
4104;La Higuera;90.7;110;39.3;28.1;54.2;127.6;68.1;54.7;44.3;32.8;104.1;44.1;132;71.6;67.5;120.2;126.8;84.7
4105;Paiguano;64.8;148.2;59.8;51.7;33.1;48.6;55.3;56;40;74.9;39;86.6;48.4;72.8;32.1;60.9;57.9;60.9
4106;Vicuña;59.7;71.5;63.1;69.2;57.9;66.3;51.7;64.3;73;61.3;75.2;54.4;47.6;68.8;67.7;77.2;49.5;69.9
4201;Illapel;65.9;68.8;81.4;83.7;97.9;87.8;68.2;63.2;74.9;63.8;71.5;71.1;78.5;77.9;70.2;74.4;69.6;80.8
4202;Canela;73.5;100.3;74.1;94.8;64;55.3;69.4;56.2;132.6;44.6;83.1;75.8;111.6;77.6;102.3;84.1;77.7;58
4203;Los Vilos;75;97;87.1;107.5;76.5;96.6;58.9;65.2;82.3;87.6;98.6;71.9;76.4;113;109.7;88;44.8;81.4
4204;Salamanca;82.4;69.3;60;84.7;71.7;57.3;78.6;67;66.8;68.2;66;76.6;73.5;74.6;71.7;63.4;67.2;62.1
4301;Ovalle;83.5;84.5;90.1;77.9;79.9;66.4;70;64.4;72.1;65.1;81.2;78.5;65.4;68.1;66.1;71.6;67.3;66.3
4302;Combarbalá;80.9;110.7;80;67.8;62.1;91.4;92.3;78.7;101;76.5;83.9;81.8;81.5;122.9;54.2;86.1;60;50.5
4303;Monte Patria;93.4;91.2;63.9;71.5;96.7;72.1;62.8;61;69.7;76.9;70.8;70.5;52.3;64.2;58.1;65.3;72.4;62.1
4304;Punitaqui;92;70.6;37.5;75.8;61.4;67.1;78.3;81.1;83.4;88.5;53.7;54.4;93.1;58.2;76;53.1;83.9;82.2
4305;Río Hurtado;35.2;144.3;61.3;73.7;46.9;131.4;69.9;51.4;43.4;67.5;98.7;111.2;58.4;66.4;71.2;71.3;55.6;67.1
5101;Valparaíso;114.4;102.9;105.8;99.3;104.1;85.8;97;101.8;86.5;93.3;95.7;95.2;99.5;95.7;97;92.7;84.1;78
5102;Casablanca;86.4;80.6;63.5;70;59.4;75.2;98.2;60;70.6;79.1;61.6;47.6;60.7;58.5;53.4;44.6;51.6;48.9
5103;Concón;55.3;78.7;62.5;54.4;45.8;59.9;42.6;45.2;43.3;55.6;40.7;41.8;31.8;47.2;36;38.1;52.5;48.3
5104;Juan Fernández;119.5;29.8;51.3;51.3;12.1;139.7;165.2;33.7;0;16.1;0;26.8;32.1;303.8;0;117.6;1.2;
5105;Puchuncaví;67.9;70.2;75.4;72.2;78.4;109.5;43.3;82.2;87.9;61.4;71.5;87.5;76.8;88;73;84.5;78.1;54.9
5107;Quintero;105;88.9;99.6;69.3;64.7;88.9;68.2;88.3;79.3;70.8;76.5;81.1;78.9;77.7;63.9;82.2;77.5;67.2
5109;Viña del Mar;91.1;85.9;80.9;75.9;81.7;72.6;81.7;76.2;78.3;77.6;77;82.1;78.7;80.7;74.2;73.7;74;68.7
5201;Isla de Pascua;132.9;65.4;93.5;115.7;149.5;120.3;78.7;104.6;93.4;103.8;57.5;51.9;89.1;115.2;114.5;104.4;87.8;84.1
5301;Los Andes;87.6;83.4;82.5;90.7;68.7;62.9;77;64.9;59.7;68.3;60.3;69;68.6;61.5;68;68.4;57.9;53.5
5302;Calle Larga;60.9;29.6;85.1;55;40.3;49.6;69.3;61.9;70.7;71.1;68.5;67.8;76.6;78.7;72.4;64.9;31;53.3
5303;Rinconada;52.9;65.7;83.5;68;86.2;72.1;69.7;91.8;69.8;61.6;47.8;78.5;74.5;77.7;66.2;68.5;56;69.8
5304;San Esteban;74.9;69.9;65.8;56.7;59.3;48.2;43.4;67.2;67.9;61;44.9;43.2;38.4;43.3;73;38.1;75.7;59.2
5401;La Ligua;72.1;77.3;73.6;70.7;77.6;74.2;54.2;80;67.1;61;64.1;66.5;64.9;69.6;59.4;64.6;75.3;59.5
5402;Cabildo;75.3;90.6;75;87.2;101.8;83.3;61.1;57.5;63;65.9;70.6;56.5;53.1;93.4;70.1;66.3;80.6;59.1
5403;Papudo;56.5;35.4;68.6;39.5;34.8;36.1;44.5;54.6;76.5;48.7;50.7;60.7;50.2;61.5;40.1;74.8;104.4;66
5404;Petorca;114.8;96.8;51.7;86.4;80;62;69.6;85.3;86.7;72.5;96.3;65.3;80.1;91.2;81.5;64.5;84.8;59.4
5405;Zapallar;49.7;38.9;32;39.8;26.5;58.5;104.6;51.2;56.3;80.2;60.9;48.6;46.4;22.3;71.9;57.1;100.2;68.7
5501;Quillota;88.7;96.4;96.3;86.5;92.9;89.9;79.7;79.6;82.8;81;74.4;71.5;88.1;71.8;77.4;70.4;64.7;70.9
5502;Calera;108.4;103.3;87.2;72.8;70.6;83.6;80.6;72.5;71.8;71.3;82.6;79.3;76.5;77.7;78.9;80.2;68.6;69.5
5503;Hijuelas;76.5;77.3;71.7;72.7;73.2;87.3;100.4;62.8;79.3;59.9;70.4;71.5;75.6;54.6;60.6;56.3;60;65.6
5504;La Cruz;59.7;92.4;65.4;59.7;57.1;69;69.4;56.6;63.4;69.1;59.4;47.9;55.7;85.5;58.4;62.5;71.3;49.4
5506;Nogales;79.4;65.7;88.2;71.2;83.6;61.6;65;66.5;75.6;52.2;74.7;63.5;46.4;58.6;53.2;50.7;76.3;65.7
5601;San Antonio;91.1;84.2;93;95.3;96.3;84.8;87.3;102;85;87.8;83.3;86;76.6;94.7;85.4;92.1;81.8;89.4
5602;Algarrobo;53.7;85.3;64.1;63.2;86;95.3;63.8;98.9;98.3;59;79;51.3;49.9;63.9;53.3;53.2;93.5;82.2
5603;Cartagena;97;90.8;79.5;89.2;71.7;90.2;59.3;54.9;96.5;64.2;46.1;53.4;65.7;66.3;46.1;57.1;83.7;82.6
5604;El Quisco;96.6;75.7;60.9;58.4;60;69;69.4;58.3;52.3;58.8;59.8;50.2;53.3;47.6;50.9;66.3;62;79.7
5605;El Tabo;79.9;48.3;84.9;38.4;64;44.6;67.7;22.9;71.6;40.4;53.3;57.4;40.8;44.5;56.9;35;51;66.9
5606;Santo Domingo;66.9;96.7;25.2;94.5;86.3;37.6;58.8;51;89.5;49.8;56.4;39.9;59.6;71.5;84.7;53.1;40.2;76.4
5701;San Felipe;73.7;81.9;72.8;73.4;73.9;89.6;70.7;76.7;67.8;73.8;92.7;72.4;89.1;79.3;66.7;74.4;76.3;91.6
5702;Catemu;87.4;74.7;82.6;86.4;89.5;68.7;74.1;64.5;49.6;91.8;83.8;71.2;76.1;56.7;52.1;57.4;66.2;60.7
5703;Llaillay;74;96.1;103.9;74.6;76.8;66.3;68.8;80.8;62.7;87.9;73;70;62.3;68.3;101.6;66.4;59.9;72.1
5704;Panquehue;61.4;121.1;53.4;48.6;81.4;69.8;111.2;55.5;52.9;55.7;68.7;87.9;121.9;36.2;59.5;72.7;60.7;64.2
5705;Putaendo;129.2;97.4;119.4;103.6;89.4;56.5;97.1;74.1;67.6;117.5;98.9;70.3;78.1;69.2;78.8;76.7;95;78.7
5706;Santa María;93.9;70;62.2;64.3;65.7;61.3;69;98.5;67.6;47.7;54.7;36.8;47.4;101.9;49.3;79.3;52.3;60.4
5801;Quilpué;76;76.4;77.3;69.3;85.8;70.4;64;72;61.5;65.3;73.7;68.8;59.4;60.7;63.5;54.5;57.9;57.6
5802;Limache;89.7;99.5;96.2;85.6;72.3;56.9;86.3;79.2;65.6;87.5;76;73.8;94.5;80.3;75.3;73;73.8;62.2
5803;Olmué;58.2;64;94.3;106;70.4;47.9;82.8;78.8;56.3;59.7;53.7;74.3;90.8;64.3;47.2;77.6;52.8;43.2
5804;Villa Alemana;75.2;80.3;82.1;76.6;75;68.9;58.2;65.8;61.2;53;63.2;62.6;62.3;51.8;60;57.9;56.8;53.5
13101;Santiago;90;91.9;88.8;83.9;97.1;87.1;91.3;93.5;92.4;86.8;104.1;103.6;100.9;107.2;119.4;115.8;53.7;53.9
13102;Cerrillos;82.4;81.7;82;66.6;93.9;92.5;79.5;86.5;84.1;75.3;83.2;83.9;88.5;83.5;81.5;83.9;73.6;75.7
13103;Cerro Navia;102.2;101.3;101.2;85.7;93.7;89;88.1;92.5;91;88.7;99;87;106.7;93.4;97.2;99.6;78.3;79.6
13104;Conchalí;105.6;96.4;101.2;99.4;113.4;93;98.7;108.7;92.4;88.5;110.4;107.6;100.4;107;102.5;114.5;74.1;86.3
13105;El Bosque;93.3;89.6;86.2;78.9;83.8;74.2;76.3;76.7;78.6;77.8;87.7;88.2;92.4;86.4;82;81.5;68.7;74.7
13106;Estación Central;99.7;109.9;105.3;99.2;111.3;102.8;87.8;90.4;89.5;98.3;92.4;89.6;102.8;104.1;97.1;102;75.8;72.3
13107;Huechuraba;90.2;85.7;77.3;87.5;81.7;62.7;77.4;68.9;63.1;74.3;89.1;69.9;80.9;81.7;83.4;76.3;77.6;70.9
13108;Independencia;162;142.3;128.2;120.4;123.4;153.7;152.1;164.7;141.9;144.9;159.9;161;184.5;194.6;162;193.4;112.1;104.2
13109;La Cisterna;89.2;95.8;92.6;75.3;80.5;77.8;76.5;78.2;72.6;83.9;85.4;71.6;87.1;91.9;88.8;91.5;68.5;63.8
13110;La Florida;67.7;78.4;67;62.2;61.9;61.2;62.7;60.8;58.8;58;55.7;59.6;61.5;60.9;63.1;59.3;58.7;57.1
13111;La Granja;97.8;103.4;96.5;86.2;87.5;86;68.2;88.5;75.8;77.3;82.2;90.8;86.3;68;90.8;73.9;64.3;71.8
13112;La Pintana;86.4;84.4;82.7;76.9;75.4;74.6;66.6;78.2;73.2;81.4;82.8;76.1;79.4;78.6;84.3;75.9;81.6;80.2
13113;La Reina;66.9;66.4;63.8;64.9;60.7;51.1;54.8;59.1;52.2;50.5;55;62.5;55.1;51.3;46.3;53.2;45.2;44.9
13114;Las Condes;59.1;50.4;46.7;47.7;48;43.7;47;41.8;46.4;43.3;41.7;40.6;38.5;44.1;43.4;38.1;40.3;36.2
13115;Lo Barnechea;48.1;46.4;34.5;32;33.2;42.2;46.8;51.2;37.1;35.2;35.1;34.9;33.4;34.9;33.1;33.1;38.6;36.3
13116;Lo Espejo;107.6;106.7;118.5;98.9;120.3;93.5;100.4;105.6;87.4;98.1;89.7;100.8;92.9;106;106.9;106.7;81.4;87.1
13117;Lo Prado;88.8;95;98.3;83.7;89.9;88.1;84.5;90.2;73.9;87.3;94.6;101.7;90.8;87.8;92.3;92.7;70;65.9
13118;Macul;92.6;75.8;81.4;73.4;68.9;61.8;74.6;64.8;71.8;68.2;74.2;73.4;75.8;73.8;75.3;76.9;58.3;55.3
13119;Maipú;61.4;60;53.2;53.7;53.4;50;44.3;44.2;40.9;39.4;39.3;38.5;36.4;36.2;33.8;31.6;56.2;51.4
13120;Ñuñoa;78;74;68.9;68.7;70.6;65.2;55;60.3;60.2;62.7;61.2;60.9;69;66.8;71.3;77.1;40.2;42.3
13121;Pedro Aguirre Cerda;100;101.2;93.6;88.5;95.8;101.6;92;89.3;99.3;98.2;90.3;91.5;97.3;101.6;96;111.8;77.1;79.1
13122;Peñalolén;83.3;81.3;74.3;70.6;67;69.8;74.9;69.1;71.5;68;68;69.5;65;69.4;69.1;67.9;63.6;70.1
13123;Providencia;66.2;72;73.1;57.9;61.9;66.6;65;57.9;66.5;65.7;61.8;57.4;60.7;62.6;62.9;55.6;47.8;43
13124;Pudahuel;85.6;85.5;72;69.5;73.8;73.6;62;63.7;63.6;63.5;57.5;60.7;56.2;56.5;55.6;55.9;63.5;70.5
13125;Quilicura;55.9;55.3;50.2;48.6;56.2;48.6;44.2;54.5;57.8;55.3;57.1;51.4;50.8;51;49.1;51.4;56;60.3
13126;Quinta Normal;108.8;101;117.6;89.8;95.5;102.3;94.8;101.9;99.5;96.6;96.1;99.3;95.2;106.4;108.5;97.9;83;78.2
13127;Recoleta;104.3;102.8;112.2;103.1;106.2;98.9;105.2;103.3;92.5;97.8;101.8;100.1;122.5;109.7;108.6;118.7;84.4;80.1
13128;Renca;103.8;95;86;90.9;78.8;79.6;86.8;77.3;87;92.1;79.2;79.8;88.3;91.2;94.3;88.4;80.8;81.7
13129;San Joaquín;99.6;95.8;101.3;88.8;88.2;84.6;89.5;94.3;96.6;83.6;99.7;99.6;102.2;104.7;117.7;108.1;71.9;70.3
13130;San Miguel;106.8;106.1;102;92.5;102.1;111.4;127.7;88.8;89.4;89.3;103;93.9;89.5;160.9;95.5;98.3;65.7;63.8
13131;San Ramón;90.6;106.1;93.9;88.3;108.9;100.8;94.2;98;83.7;85.5;101.7;89.7;99;98.8;95.9;103;85.5;80.4
13132;Vitacura;56.3;44.1;48.9;43.8;36.9;39.2;46.4;47.7;41.3;52.9;48.5;47.7;40.8;42.2;53.4;39.4;33.5;42.6
13201;Puente Alto;61.6;57;57.8;58.8;53.4;51.6;49.4;54.6;50.8;49.1;53.8;51.5;47.6;50.3;47.9;43.4;57.2;62.5
13202;Pirque;63.2;37.2;32.7;69.7;56.1;61.7;65.7;56.6;72.4;67;43.9;45.2;57.9;52.4;51.1;54.1;61.6;65.7
13203;San José de Maipo;94.5;37.4;72.4;55.3;85.1;67.9;85.6;80.4;58.1;69.7;61.6;60.5;86.3;55.6;71.1;43.9;60.7;94.9
13301;Colina;95.3;70.5;68.1;65.4;77.9;52.9;63.7;65.5;62.1;65.8;65.4;61.3;71.9;75.9;65.3;59.3;67.4;72.3
13302;Lampa;89.3;79;81.3;78.3;80.7;72.9;78.9;80.9;74.9;62.1;71.4;71.1;64.2;79.8;72.2;74.9;68.6;59.4
13303;Tiltil;59;73.5;87.2;58.1;75.6;66.3;88.2;69.5;86.6;62.1;65.2;70.8;90.4;72.8;73.1;62.4;56.1;69.1
13401;San Bernardo;81.1;93.1;88.2;80.5;74.3;72.7;76.4;76.2;70.3;77.5;83.9;69.6;71.5;65.8;73.7;72.4;77.7;79
13402;Buin;90.3;69.2;88.7;81.3;76.5;75.2;75.1;66.2;70.7;55.5;70.6;78.9;75.9;89.1;93.5;65.2;61.9;73.1
13403;Calera de Tango;66.6;81.7;78.6;70;51.1;55.5;69.9;62.1;41.2;50.6;54.5;82.1;70.8;54.8;81.3;68.5;77.3;67.8
13404;Paine;78.3;63.4;68.9;80.1;78.4;62.1;70.1;86;57.4;56.1;66.3;61.4;67.4;58.3;53.4;62.4;71.6;54
13501;Melipilla;79.1;86;88.9;76;74.4;72.3;79.6;73.2;76.7;74.8;88.3;84.9;81;89.1;76.7;86.2;66.1;79.7
13502;Alhué;68.7;74.1;54;52.4;89;84;56.5;76.6;72.1;85.5;77.5;52.2;100.5;65.8;58.9;63.2;87.9;85.2
13503;Curacaví;88.7;76.5;94.4;75.7;73.6;38.4;48;63.1;79.1;50.5;71.8;49;72.5;60.8;66.4;53.2;70.9;87.5
13504;María Pinto;90.4;67.1;109.5;60.2;51.2;59.4;37.9;71.4;73.5;79.3;74.8;73.6;56.5;83.4;68.7;50.7;62.6;51.1
13505;San Pedro;64.4;68.7;100.5;77.5;35.3;40.5;24.9;30.9;55.2;81.3;62.9;85.6;58.3;95.1;52;61.9;52.3;55
13601;Talagante;76.4;76.2;90.6;67.3;66.7;61;69.9;60.7;64.9;57.6;65.5;62.6;52.6;59.8;52.4;62.7;59.5;67.4
13602;El Monte;93;88.3;86;73.3;93.3;79.9;77.6;79.7;70.5;74.9;73.3;56.1;51.3;59.6;80.2;71.1;58.7;51.6
13603;Isla de Maipo;85.7;73.9;87.8;61.9;62.5;69.6;66.4;79.1;77.6;70;80.9;76;74.7;71.5;69.9;84;67.6;57.7
13604;Padre Hurtado;72;79.5;68.9;77;57.6;65.2;58.9;67.4;54.2;57.1;71.4;75.2;57.2;74.2;60.8;64.9;74.4;61.7
13605;Peñaflor;79;89.3;70.2;64.1;55.5;74.2;67.1;63.5;62.1;68.4;62.6;67.9;56.4;69.6;58.6;65.9;74.1;62.9
6101;Rancagua;91.7;87.8;86.5;81.8;80.7;83.2;99.6;85;90.2;85.3;83.1;92.3;86.2;79.3;78.6;81.5;79.2;84.1
6102;Codegua;90.9;87.6;80.4;113.2;74.8;83.7;78;67.5;105.7;70.7;71.7;61.9;49.7;74.7;64.5;71.3;52.4;59.6
6103;Coinco;56.1;72.6;53.9;102.9;76.9;90;94.6;105.6;77.4;62.8;100.6;95.3;65.5;75.4;63.8;90.1;69.6;84.6
6104;Coltauco;84.2;122;86.6;82.5;97.2;99.8;110.5;83.2;107.2;76.7;85.8;100.6;67.9;70.2;100;90.3;55.5;78.2
6105;Doñihue;97;95.5;94.7;94;109.8;118.8;85.9;85;72.6;58.6;63.9;71.4;72.5;61.6;61.3;96;59.8;64.8
6106;Graneros;84.8;104;70;85.7;89.9;84.1;81.7;94.3;87.4;74.5;75.6;81.5;75;81.4;72.7;91.2;70.5;71.8
6107;Las Cabras;66.6;88.7;111.6;67.8;92.6;50.6;71;77.3;71.2;68.7;79;72.8;80;80.7;68.5;87.3;74.2;74.2
6108;Machalí;69.6;68.2;72.8;63.7;87.3;75.5;84.2;80.2;77.2;60;73.9;71.4;69;60.4;78.8;82;55.2;57.8
6109;Malloa;96.1;78.8;113;119.7;84.6;114.1;103.6;92.6;75.7;83;63.2;69;85.3;65.7;61.5;79;61.7;121.9
6110;Mostazal;66.6;98.2;79.4;57.4;98.4;77.2;76.1;66.2;64.5;83.6;61.8;85.2;74.3;59.2;74.9;73.1;80.1;56.1
6111;Olivar;100.8;120.9;99.5;117.8;92.6;98.7;69.7;84.4;84;82.9;64.9;78.4;105.2;59.2;82;59.2;61.9;63.9
6112;Peumo;100.1;86.7;99.2;85.5;91;83.6;75.3;98.3;98.8;94.4;101.8;52.1;82.9;80.2;63.3;84.6;88.8;92.3
6113;Pichidegua;97;61;75.5;85.2;76.3;84.8;101.6;71;91.5;57.6;75.4;78.9;86.1;82.6;72.5;89.1;52.2;69.8
6114;Quinta de Tilcoco;61.3;100.5;78.2;102.7;72;70.9;69.2;86.4;60.7;97.3;91.4;79.6;96.1;70.1;77.4;86.3;46.8;72.4
6115;Rengo;92.7;102.7;96.1;110.7;105.9;82.7;77.9;88.2;85.8;68.3;75.5;79.3;79.9;71.4;74.4;74.9;63.3;64.8
6116;Requínoa;89.1;79.7;94;90.9;90.5;77.3;103.9;87.4;73.5;74.7;76.3;68.8;74;69;68.6;68.5;62;53.5
6117;San Vicente;75.3;99.4;98;83.7;84.2;96.1;83.1;87.7;88.9;74.9;68.3;86.9;57.5;80.4;71.2;75.4;66.3;72.3
6201;Pichilemu;117.7;101.4;85.9;114.9;87.1;94.5;106.7;99.7;80.4;56;72;84.6;80.2;56.4;58.7;58.8;61.4;80.6
6202;La Estrella;35.7;63.1;42.2;86.1;26.6;50;35.6;73.9;69.1;96.8;54.3;40.9;48.4;17;39.1;53.2;83.9;70.4
6203;Litueche;80.4;54.6;103.2;112.3;54.2;112.1;62.6;88;60.1;55.4;88.5;98.5;63.6;79.4;89.9;83.7;59.9;41
6204;Marchihue;72.6;62.9;80.8;58.7;118.4;91.6;56.7;87.8;34.3;57.8;66.4;59.8;41.6;97.2;42.2;75.7;73.8;73.8
6205;Navidad;93.8;68.9;77.5;48.5;76.1;64.4;146.8;91.9;70.2;34.1;202.9;108.5;85.1;36.4;132.2;82;27.5;60.4
6206;Paredones;90.7;104.1;132.7;113.7;66.9;53.7;71.2;70.8;67.9;110.2;68.5;57.4;75.3;61.2;110.6;50.2;88.7;35.4
6301;San Fernando;81;88.9;90.5;87.4;88.6;83.2;83.8;83.6;78.5;73.8;85.9;71;76.2;85.5;78.4;73.4;81.3;79
6302;Chépica;57.2;72.7;87;96.5;90.7;106.1;118;123.6;84.1;60.9;78.5;97.7;99;71.7;53.7;69.8;57.8;64.6
6303;Chimbarongo;132.1;104.1;96.1;77.1;69;65.7;82.9;79;67;73.8;80.5;66.8;59.6;92.6;74.6;83.2;68.8;67.4
6304;Lolol;84.6;47.9;95.5;71;84.2;90.5;117.9;73.4;100.4;72;82.6;54.4;69.9;102.2;83.8;126;52.3;48.3
6305;Nancagua;68.8;75.2;80.1;76;70.3;79.4;84.3;95.7;88.3;86.3;94.2;59.8;69.3;81.6;87.3;76;86.4;74.2
6306;Palmilla;84.9;71;65.5;76.8;65.3;64.5;40.3;39.1;78.3;57.4;91.3;76.6;57.9;50;84.8;45.4;54.1;66.7
6307;Peralillo;82.1;99.5;75;82.9;106.8;117.6;69.5;64;78.8;93.8;69.5;94.2;79.6;78;47;136.9;62.4;84.8
6308;Placilla;64.9;112.4;92.1;166.4;101.8;78;114.1;142.2;57.8;43.8;95;101.2;43.9;59.7;37.6;60.3;67.6;95.8
6309;Pumanque;32.5;58.6;58.9;132.7;97.3;44.3;70.8;108.9;123.8;116.3;86.1;44;86.9;157.4;66.6;121.4;99.1;17.9
6310;Santa Cruz;85;88.9;82.2;95;78.3;54.6;87.7;65.9;95.2;75.4;65.9;71.6;67.1;79.4;71.1;75.9;71.3;62.8
7101;Talca;94.1;81.2;86.3;78;80.1;79.9;77.9;77.4;71.7;66.1;64.5;76.9;75.3;73.9;64.4;63.9;64.5;63.3
7102;Constitución;93.7;94.1;87.9;79.3;96.2;93.3;74.4;83.7;80.4;86.9;70.5;82.1;78;146.2;71.8;70;74.5;73.8
7103;Curepto;131.7;117.7;126.7;118.3;90.7;99.8;85;93.5;139.2;88.2;85.1;82.8;59.6;78.7;69.5;104.6;72.6;70.1
7104;Empedrado;61.2;54.9;82.2;117.7;60.5;76.8;88.8;54.8;55.4;53;103.9;110.5;84.9;69.6;86.6;75.7;48.1;52.2
7105;Maule;72.4;80.3;94.6;67.8;72.1;42;84.6;76.4;62.7;54.8;101;78;72.4;88.1;105.7;93.4;46.7;46.1
7106;Pelarco;66.8;110.1;88.6;90;77.2;81.1;96.9;68.2;92.7;61.1;82.7;101.6;125.4;95.7;58;102.5;48.3;87.5
7107;Pencahue;109.5;74.8;110.2;57.2;70.1;49.4;54.8;64.2;102.7;71.2;67.5;64.6;112.8;117.5;80;79.8;79.8;53
7108;Río Claro;91.2;86.1;70.6;122;61.9;62.7;57.6;79.2;86.2;71.6;63;104.4;70.5;84.3;64;65.8;74;90.3
7109;San Clemente;96.9;91.3;86.9;88.9;84.7;72.3;76.7;73.9;82.1;80.9;80.7;69.7;83.8;89.2;72.3;80.6;78.9;77.9
7110;San Rafael;116;99.7;74.8;94.2;107.4;87;105.5;91.8;79.5;85;48.3;106.3;69.8;46.7;98.6;104.9;63;72.8
7201;Cauquenes;100.7;104.9;86;112.6;107.3;101.1;114.3;115.7;93.1;93.4;105.8;99.6;113.1;109.3;91;85.2;89;92
7202;Chanco;89.9;108.7;149.6;111.9;143.1;70.7;100.5;124.8;103.7;121.3;137;86.9;106.4;105.6;80.6;60.3;80;76
7203;Pelluhue;76.1;78.3;84.6;80.9;71.8;76.7;56.5;80.3;71.1;55.3;74.9;42.2;31.5;98.2;45.9;59.1;93.3;33.2
7301;Curicó;91;80.5;89.8;95.2;86.7;84.9;93.1;85.3;87.4;78.2;84.4;77.4;69.2;72;76.2;77.8;77.5;75.6
7302;Hualañé;98.5;148;107.3;94;89;96.1;119.1;83.1;77.9;58.4;122.5;96.1;73.2;84;85.5;101.4;68.1;76
7303;Licantén;81.3;78.2;84.2;69.4;92.7;118.1;78.3;41.8;84.1;61.2;101.7;108.5;90.8;65.5;59.5;44.6;55.5;82
7304;Molina;116.7;101.8;101.6;99.5;93;108.3;88;113.5;109.5;101.7;107.5;107.7;96;112.2;95.3;104.4;91.4;95
7305;Rauco;105.7;110.3;106.1;95.6;94.8;81.4;109.6;90.8;80.9;70.9;83.9;115.6;72.6;76.1;64;69.4;46.9;95.9
7306;Romeral;77.3;63.6;92.2;63.4;115.8;67.9;100.4;63.7;83.7;61.2;65.3;76.9;68.1;67.3;49.7;95.2;48.5;88.7
7307;Sagrada Familia;71.9;90.9;97.8;94.8;72.7;66.3;68.4;81.2;84.2;43.1;91.3;67.3;91;107.8;73.9;73.1;68.6;60.7
7308;Teno;99.2;93.3;74.7;83.7;76.9;87.4;67.1;78;83.3;72;97.1;68.7;76.7;68.1;65.6;74.5;61.9;76.7
7309;Vichuquén;83.3;87.3;54.8;81.6;59.2;56.6;51.1;65.3;98.4;52.6;56.2;74.7;56.1;74.8;40.8;52.5;106.5;84.3
7401;Linares;99.9;96.5;85;85.8;97.3;74.5;81.6;93.8;75.7;86.4;88;86.6;90.6;93.7;90.8;71.6;78.6;75.9
7402;Colbún;88.8;98.4;89.5;57.9;119.1;79.2;80.9;84;70.7;68.3;85.4;114.4;97.8;47.4;71.9;74.7;72.1;74.5
7403;Longaví;107.9;95.6;120.5;101.3;83.4;96.8;85.5;93.8;83.2;99.5;90.3;73.5;81.5;102.7;110.3;74.5;71.3;99.9
7404;Parral;141.8;120.2;109.9;108.9;122.2;110.5;97.1;91.6;82.7;96.9;124.9;105.2;98.8;102.7;114.3;93.7;98.7;72.8
7405;Retiro;76.2;63.7;88.6;62.8;106.4;85.3;95.2;91.1;65.4;59.2;78.7;72.7;85.3;92.1;65.9;64.6;73.5;43.1
7406;San Javier;130.9;128.2;108.4;122;107.8;109.6;104.2;87.8;91.9;101.5;95.6;100.9;105.9;97.2;74.9;86.1;83.3;79
7407;Villa Alegre;93.1;110.3;118.1;94.2;137.5;103.8;93.8;103.6;66.5;71.4;120.7;121.3;87;77.3;66.1;103.1;100.8;59.2
7408;Yerbas Buenas;107.6;87.5;80.2;78.4;94.8;87;111.8;67.9;83.9;82.1;91.4;63.4;94;71.9;71.4;77.7;78.9;67.3
8101;Concepción;107.7;90.8;85;86.7;78.7;79.9;89;86.6;75.7;76.3;71.3;78;73.4;84.6;69.9;64.1;76.9;70.3
8102;Coronel;94.8;90.6;87.3;84.2;82.3;90.9;84.5;78.3;73.5;71.2;80.8;68.4;74.5;77.5;67.5;74.2;82.5;78.6
8103;Chiguayante;68;87.8;76.9;71.8;70.2;62.5;56.5;59;53.3;55.4;56.6;49.6;51.3;55.8;40;43.7;53.5;55.6
8104;Florida;138.4;122.1;128.1;135;111.2;121.4;115.5;117.3;110.2;95.7;119.6;107.5;97.7;104.8;96.4;81;94.5;94.9
8105;Hualqui;114;99.6;109.1;104.2;74.3;79.4;77.2;82.8;76.4;102.8;85.1;107.4;92.1;103.3;72.2;85.1;75.7;72.1
8106;Lota;110.6;117.8;107.7;121;110;100.8;96.5;107.9;95.3;98.8;117.5;107.2;109.2;103.5;89.3;98.5;86.9;93.7
8107;Penco;96.6;97.4;91.4;92.8;84.4;81.4;81.7;89.1;80.8;67.1;66.9;67.7;71.5;74.4;77.5;66.3;68.8;67.6
8108;San Pedro de la Paz;90;98.4;79.7;76.9;74.1;57.4;64.1;66.3;68.3;75;85.7;80.6;82.6;61.4;72.6;79;61.8;66.5
8109;Santa Juana;121.4;87.2;121.9;93.4;82.2;129.4;116.8;102.9;90.5;91.6;134.4;105.5;80.2;103.2;82.3;92.3;75.9;99.4
8110;Talcahuano;95.3;88.7;80.5;84.2;84.9;78.7;79.8;112.4;76.1;75;77.6;75.7;84.5;83.4;73.1;68.8;71;67.6
8111;Tomé;105.6;101.7;115.9;87.3;95.9;86.5;87.8;82.5;81.2;65.7;82;80.9;86.8;84.2;67.3;68.4;73.6;73.2
8112;Hualpén;;;;;;;;26.3;74.8;76.9;85.6;81.1;79.8;74.4;65.2;74.9;58.6;63.1
8201;Lebu;121.6;110;83.2;96.2;136;108.8;112.2;94.5;96.4;87.8;85.7;109.6;73.6;85.5;97.4;80.3;110.2;77.2
8202;Arauco;100.7;98.8;69.2;80;72.9;61;91.5;99.2;73.4;70.2;73.7;75.8;71.1;75.1;72.5;69.3;64.4;71.3
8203;Cañete;91.9;108.6;118.5;116.1;104.8;98.5;137.1;112.8;86.7;91.8;106.8;87.7;103.3;93.1;85.8;94.3;76.4;93.8
8204;Contulmo;59.1;155.7;146.8;152.3;145.1;83;95.1;86;83.3;122.3;150.8;81.7;122.7;67.9;105.3;94.1;100.7;77
8205;Curanilahue;87.2;93;106.6;107.8;92.1;82.8;129.4;106.9;78.9;91.1;81.6;87.8;121.9;99.4;102.4;91.3;89.4;90.5
8206;Los Álamos;109.7;91.8;106.1;74.4;84.8;94;104.7;108;84.3;93.7;104.6;112.5;132.4;79.8;99.7;86.3;99;77.7
8207;Tirúa;146.7;155.6;98.5;114.3;138.7;140.7;60.3;114.3;127.1;108.2;94.7;139.3;94;120.8;62.9;74.3;93.5;123
8301;Los Ángeles;96.3;85.2;86.6;79.1;82.3;91.4;79.5;76.8;95.9;77.1;76.4;86.5;86.3;74.6;75.8;67.7;72.3;75.4
8302;Antuco;125.6;47.2;49.9;57.3;87;83.1;55.6;105.2;149.4;72.7;163;75.6;49.5;96.7;108.4;86.9;82.4;55.8
8303;Cabrero;110.5;126.6;91.6;79.7;80.5;85.2;98.9;102.5;89.6;63.5;81.4;65.6;66.2;79.5;67.6;74;64.9;67.5
8304;Laja;114.1;101.7;99.8;109.8;99.3;106.1;100.1;80.7;101.2;101.7;79.2;99.9;99.9;85.5;96.6;101.9;89.1;78.9
8305;Mulchén;103.1;119.5;112.4;97.8;94.9;96.3;84.6;105.1;89.4;72;80.2;79;94;104.8;96;82.1;68.2;84.6
8306;Nacimiento;120.5;124.6;83.9;103.5;96.5;97.8;89.1;96.7;102;92.8;80.9;86.7;88.7;74.1;103.1;62.4;72.6;76
8307;Negrete;79.9;127.5;83.1;106.6;113.4;102.5;72.6;132.7;101.2;93.2;66.6;138.5;84.1;103.1;57.2;67.7;76.4;76
8308;Quilaco;45.8;43;95.1;61.7;64.7;56.2;77.9;62.1;43.6;145.8;68.9;97.7;56.8;126.4;78;64;112.4;80.6
8309;Quilleco;108.3;99.4;86.6;117.3;82.3;66.2;86.7;82.7;112.8;71.7;79.3;43.1;66.7;80.2;67.7;73.6;82.2;68.5
8310;San Rosendo;91.8;84.4;117.1;109.8;87.1;46.7;105.7;106.7;120.7;107.9;84.4;79.8;127.2;115.4;80;68.1;176;80.6
8311;Santa Bárbara;108.1;134.4;91.3;102;97.6;112.9;77.3;133.1;76.8;104;61;80.8;106.1;58.2;82.7;102.3;88.6;65.4
8312;Tucapel;84.6;132.3;88.7;76.4;82.4;74.8;100.7;113.1;81.3;73.9;103.4;110.8;77.8;87.8;60.9;76.8;71.1;77.6
8313;Yumbel;182.6;119.9;131.1;147.8;109.8;145.7;141.5;98.7;89.8;90.4;90;106.4;151;101.3;108.4;102.5;100.8;97.2
8314;Alto Biobío;;;;;;;;15.1;68.8;95;71;79.9;74.1;68.5;59.4;47.5;166.5;203.4
8401;Chillán;107.4;99.8;83.7;89;95.2;84.2;90;91.1;77.3;90.7;84.9;89.1;80.8;86.1;78.8;80.7;73.4;80.1
8402;Bulnes;99.5;107.3;116;141.5;111.9;147.9;120.2;78;99.5;97.8;81.9;112.5;116.8;82.9;83.4;85.5;91;73.8
8403;Cobquecura;88;59.5;119.7;67;146.1;105.6;82.4;118.2;104;108.1;90.1;140.2;85.8;93.9;105.6;164.2;114.9;98
8404;Coelemu;146.6;146.2;136.3;134.9;135.8;161.3;109.2;129.6;125.7;91.6;135.8;112.7;105.4;126.7;112.6;111.4;90;69.2
8405;Coihueco;128.9;115.2;96.4;86.6;75.5;64.9;71.5;85.4;55.3;84.2;73.4;67.4;78.4;71.4;66.9;73.8;86.9;71.9
8406;Chillán Viejo;49.4;70;42;76.8;51;53.9;62.1;81.3;51.1;63.1;75;63.1;60.2;57.2;53.2;60.7;62.5;55.7
8407;El Carmen;135.4;153.8;111.5;116.9;76;125;159.8;149.7;115.2;116.4;119.3;136.3;119.8;133.1;134;140;86.4;97.7
8408;Ninhue;150.8;96.4;170.8;94.6;127.7;97.6;104.7;150;136.5;168.9;135;112.5;154.7;63.3;111.1;82.9;61;80.2
8409;Ñiquén;98.6;82.4;82.7;102.4;82.5;70.6;91.7;87.6;102.2;92.4;98;81.8;85.6;98.9;64.8;62.6;57.2;86
8410;Pemuco;142;53.9;87.4;122.2;112.1;97;69.7;78.7;75.3;109.8;100.9;146.3;83.4;89.8;64.9;99.8;69.8;69.5
8411;Pinto;158.7;121.5;116.7;108.2;100.4;120.3;99.6;99.8;76.1;87.2;130;89;124.3;108.2;79.7;113.7;129.8;121
8412;Portezuelo;164.5;127.3;129.8;148.6;99.4;72.1;132.8;139.7;118.7;170.4;203.3;141.4;182.1;171.3;198.5;68.2;79.1;90.7
8413;Quillón;130;115.5;126.5;97.7;132.8;132.5;109.7;110.5;115.6;88.7;122.7;116.5;83.6;131.9;104.5;93.4;93;86.2
8414;Quirihue;133.6;125.9;134.7;172.6;120.6;199.7;162.5;111.2;120.8;105.2;112.4;102;124.5;146;90.1;105.5;108.9;126.1
8415;Ránquil;145.9;171.3;177.3;145.7;135.1;136.6;114.6;129.5;130.9;131.7;134.8;180.2;124.7;113.8;84.3;132;101.6;81.8
8416;San Carlos;108.4;111.6;112.9;100.7;117.5;103.5;95.6;94.3;101.6;92.2;108.1;83.5;92.5;93.3;94.8;92.1;77.6;72.7
8417;San Fabián;92;168.6;200.4;91.9;25.8;82.3;67;54;107.3;51.5;79.9;84.3;71.7;126.4;55.6;74.3;80.2;55.1
8418;San Ignacio;126.4;130.9;124.9;113.4;104.9;71.3;109.4;95;106;128.7;116.4;134.4;103.7;88.4;84.5;109.4;81.2;86.6
8419;San Nicolás;102.7;92.5;101.9;106.8;86.3;84.2;98.4;86.6;125.3;51.9;73.3;84.7;109;93.5;82;78.7;65.4;37.3
8420;Treguaco;186.2;72;123.8;133.8;193.6;150.2;110.8;215.9;91.7;118.1;102;137.1;135.1;71.6;107.4;76.1;62.9;80.6
8421;Yungay;84.6;71.1;99.9;95.5;98.4;83.3;120.1;99.1;98.6;94.2;103.5;105.9;73.6;84;89.9;101.9;86.1;67.6
9101;Temuco;86.2;76;81.5;67.3;80.6;74.8;79.3;70.5;66.9;74.7;71.1;72.1;66.1;67.6;66.9;57.7;66.5;67.5
9102;Carahue;119.6;141.6;110.9;116.8;151.8;123.6;105.6;94;94.3;102.2;106.7;123.7;109.9;106.7;83.7;96.2;98.3;85.6
9103;Cunco;107.3;97;71.8;88;68.4;71.4;89.3;72.1;82.5;73.5;95.5;87.4;109.9;63.5;86.3;81.8;72.2;72.2
9104;Curarrehue;76.1;111.4;170.8;66.6;114.9;76.7;96.6;99.3;131.2;110.1;73.2;109.7;82.4;64.1;90.7;94.5;67.2;147.1
9105;Freire;114.9;90.8;95.7;91;96.5;106.3;90.5;88.4;70.9;78.5;90.7;72.7;93.8;91.9;93.5;78.7;95.1;78.5
9106;Galvarino;99.9;105;92.7;102.8;127.5;139.8;112.2;103.4;98.7;89.3;132.2;100.3;106.3;108.7;104.4;106.4;106.3;78.1
9107;Gorbea;105.4;92.6;108.4;93.1;86.2;116;102.6;115;88.6;87.2;64.7;73.6;75.1;65.4;78.7;81.2;69.2;86.2
9108;Lautaro;113.5;105.4;94.5;93.8;101.9;96.5;78;100.9;80.7;104.2;98;95.9;90.7;89;88.6;74.2;84.5;72.1
9109;Loncoche;103.1;99.5;94.1;97.7;94.1;94.2;100;84.1;114;75.8;88.4;99.2;108.9;87.2;104.3;87.7;81.8;79.6
9110;Melipeuco;162.5;150.7;106.6;84.6;80.9;99.6;52.2;112;67.6;73;73.3;75.2;58.4;93.6;96.9;91.7;67.1;39.3
9111;Nueva Imperial;108.2;111.8;96.7;100.5;114.1;95.1;82.3;114.1;110.4;78.4;98.8;99.5;95.7;100;100.7;92.7;84.7;78.7
9112;Padre Las Casas;99.3;91.3;94.9;95;87.3;75.6;81;78.2;75;66.4;79;76.8;77.8;62.3;70.9;57.2;66.7;67.4
9113;Perquenco;61.4;78.6;102.9;94.3;110.2;93.4;112;109.7;93.2;60.5;79.4;123.2;80.4;115.7;98.5;57.2;67.9;72.7
9114;Pitrufquén;102.1;95.8;98.9;72.6;115.8;84.1;108.3;100.7;127.3;95.3;82.5;91.4;108.2;92.4;112.3;87.7;94.8;86.1
9115;Pucón;93;93.9;70;66.3;81.5;79.1;42.4;67.1;66.5;47.7;77.8;58.8;39.6;66.7;45.4;42.2;72.5;63.8
9116;Saavedra;154.8;171;124;124.5;131.5;113.1;111;133.7;108.8;154.9;114.8;105.1;148.3;141.3;149;70.4;102.5;115.2
9117;Teodoro Schmidt;113.5;112.1;148;135.5;88.2;98;121.1;94.2;112.1;103.7;110.9;102.8;110.7;92.2;78.2;102.2;90.4;114.4
9118;Toltén;121.3;68.4;133;84.2;132;99.4;103.4;87.8;99.6;106.2;88;75.8;61.4;115.9;103.6;80;64.5;63.7
9119;Vilcún;133.7;117.6;100.9;92.8;91.8;109.6;91.3;96.2;110;95.6;100.2;77.5;105.8;84.9;91.9;81.7;86.5;101.4
9120;Villarrica;102.5;105.2;79.3;75.6;85.9;86.2;79.7;72.6;84.6;74.6;70.3;65.2;77.1;68.6;66.5;65.5;66.7;71.9
9121;Cholchol;;;;;;;;26.6;84.1;63.5;62.5;115.7;83.8;91.5;108.1;95;102.5;99.6
9201;Angol;96;91.3;75.5;80.6;92.1;84.1;90.3;70.9;87;89.3;96.2;87;79.4;86.8;74.1;79.6;65.5;82.9
9202;Collipulli;107;113.9;92.2;84.8;100.1;121.2;97.5;99.1;109.1;104.2;92.3;86.7;98.6;119.9;104.8;85.3;107.7;80.5
9203;Curacautín;84.1;103.1;83.2;125;145.2;68.2;87.7;89;102.6;86.7;106.5;103.7;69.2;81.4;94;105.5;83.8;82.4
9204;Ercilla;87.5;90.8;119;117.3;99.3;122.4;126;63.3;90.9;93.6;96;109.7;123.6;112.9;83.8;81;102.4;96.4
9205;Lonquimay;116.7;111.3;108.4;55.6;96.5;99.7;119.3;109.7;109.8;93.2;88;66.2;72;91.7;88.9;88.5;83.9;105.9
9206;Los Sauces;126.8;104;64.9;131.5;107.5;95.2;135.8;125.9;110.6;96.3;78.3;135.6;136.7;91.1;99.4;117.2;74;89.1
9207;Lumaco;139.1;131.6;103.8;104.7;106.4;101.7;102.6;76.6;86.1;86.8;116.4;89.8;105;94.1;97.3;98.5;114.4;44.8
9208;Purén;126.1;108.7;125.3;93.8;117.5;111.4;133.3;67.2;104;121.2;73.5;100.1;122.3;145.8;86.1;125.1;75.8;87.6
9209;Renaico;130.3;106.3;95.9;116.2;122.5;69.3;158.8;115;128.6;92.8;105;130.3;96.8;96.7;92.6;124.6;69.1;58.7
9210;Traiguén;130.3;132.1;119.8;85.8;118.6;115.8;103.7;91.1;108.5;78.9;99.2;119.1;90.5;114.3;102.2;112.6;89.4;64.7
9211;Victoria;112.4;96.1;94.8;96.4;111.5;115.2;78;104.1;85.2;78.7;85.8;91.5;80;96.1;68.9;70.7;89.4;104.6
14101;Valdivia;83;85.5;78.4;74.1;80.6;87;85.1;83.4;73.7;79;81.9;82.6;84.4;88.7;72.4;69.6;72.5;74.5
14102;Corral;93.3;59.6;97;89.9;93.9;53;64.3;73;74.3;79.8;48.1;55.7;52.9;100;76.1;93.2;51.6;52
14103;Lanco;141.5;129.8;110.5;108.4;85.6;82;86.9;83.5;92.6;78.2;92.9;111.1;96.5;92.9;75.9;91.9;69.6;96.5
14104;Los Lagos;86.6;90.4;87.4;81.1;94.1;102.2;103.3;69.9;97.6;108.6;80.6;74.4;79.5;59.8;78;70.6;70.8;71.1
14105;Máfil;162.1;101.3;136.2;82.7;101.9;97.4;64.9;43.2;86.8;103.1;98.6;152.2;86.5;84;83.8;105;83.1;79.4
14106;Mariquina;119.7;95.2;90.8;87.8;91.6;118.1;94.2;144.6;122.1;122;85.7;93.8;108.5;87.6;124;88.8;101.1;75.2
14107;Paillaco;104.2;102.1;81.4;106.7;103.9;107.5;81.3;79.8;101.2;78;100.3;122.7;86.7;107;99.2;82.9;76.9;83.3
14108;Panguipulli;136.3;109;99.4;100.9;113;97.1;111.2;118;106.2;73.5;103;81.2;96.1;104.7;96.2;96.7;68.6;89.1
14201;La Unión;98.2;113.1;97.1;104.6;70.5;89.8;81.4;85.7;101.2;95.5;98.8;81.4;90.7;88.3;106;92;80.8;58.4
14202;Futrono;84.5;95;96.5;113.4;103.2;97.7;61.8;80.8;77.3;74.8;84.8;87.2;67.8;75.5;60.4;83.2;43.2;90
14203;Lago Ranco;103.6;111.3;110.1;102.7;124.3;76.4;110.1;99.9;175.4;153.5;99;102.9;145.5;94.3;120.9;103.8;82.2;87.7
14204;Río Bueno;132.3;94.2;118.6;109.8;116.6;125;87.3;107.3;97.3;89.4;95.4;119.7;87.8;99.2;85.3;105;96.2;92.9
10101;Puerto Montt;88.3;97.4;102.9;85.7;94.1;91.8;80;79.4;93.2;92.3;87.9;84.3;84.4;78.2;75;73.8;85.6;77.1
10102;Calbuco;125;105.7;80.7;84.3;104;97.6;98.8;83.9;79.2;73.8;91.9;93.6;77.9;86.2;70.8;92.2;66.7;68.7
10103;Cochamó;108.2;103.5;143;69.4;80.6;78;29.5;99.7;70.9;73.7;81.6;65.6;76.8;93;62.8;51.6;108.7;107.7
10104;Fresia;118.2;101.3;103.7;97.6;101.9;105.5;92.5;144.9;126.4;103.6;139.6;116.9;105.7;105.3;117.5;132.3;82.2;77.3
10105;Frutillar;108.5;83;95.2;84.9;99.7;89.4;65.2;88.2;91.4;94.2;99.9;64.2;83.4;96.7;91.8;96.7;97.2;58.7
10106;Los Muermos;95.6;82.7;112.2;108.7;101.2;121;94.8;118.8;95.7;96.7;92.6;91.4;106.1;91.6;65;94.8;81.4;100
10107;Llanquihue;80.9;77.2;64.1;90.3;115.6;80.1;90.3;93.2;80.2;72.7;92.5;80.4;107.9;102.4;72.9;62.1;58.2;79.6
10108;Maullín;85.7;101.1;110.2;58.5;97.5;70.5;93.1;109.1;96.2;114.3;112.5;144;147.5;123.9;120;112.2;82.3;62.8
10109;Puerto Varas;96;83.1;80.9;76;84.6;63.9;67.5;87.6;63;76.6;95.7;82.6;66.1;78.9;73.7;62;69.7;67.2
10201;Castro;61.8;83.8;90.5;88.4;90.9;86.8;88.5;95.4;82.2;93.7;91.7;78.6;94.3;71.8;79.8;76.9;82.3;87.6
10202;Ancud;87.1;105.5;94.5;74.3;108.6;89.4;90.8;87.5;74.9;103;86.2;95.7;96.9;81.5;78.6;89.3;88;81.3
10203;Chonchi;79.1;79.1;124.8;128.9;95.3;76.5;92;97.5;76;92;52.4;98.6;130;91.9;78.6;103;95.7;72.3
10204;Curaco de Vélez;71.9;50.5;38.4;92.5;64.5;44.5;29;116.8;79.6;138.6;40.6;68.7;81.5;48;39.7;78.4;52.7;68.3
10205;Dalcahue;88.7;76.2;57.3;89;78.7;113.3;63.9;69;78.3;66.9;64.6;91.5;55.8;56.1;59.4;50.5;60.6;55.8
10206;Puqueldón;50.8;80;86.9;167.4;76.8;106.2;89.4;62.3;120.7;109.6;67.6;81.5;48;102.5;72.6;147.2;60.3;74.3
10207;Queilén;75.5;58.6;102.6;112.6;77.7;85.6;68.8;67.4;84.7;65.6;67.1;99.7;90.9;100.3;56.9;70.3;61.6;112.8
10208;Quellón;54.2;67.1;78.7;73.1;113.9;72.2;111.3;67.3;75.9;79.5;77.2;61.2;82;69;67.4;76.3;77.5;80.1
10209;Quemchi;104.2;94.8;117.5;87.5;131.3;58.9;96.4;114.6;85.1;88.4;102.4;60.7;74;50.1;71.7;62;75;108.1
10210;Quinchao;105.3;113.3;120.3;131.3;79.2;144.3;112;92.5;92.8;127;89.9;130.8;123;97.5;135.3;111.3;85;123.1
10301;Osorno;96.2;107.1;100.2;107.8;115.6;106;98.1;96.1;101.6;100.8;92.2;97.8;104.6;95;91.6;89;105.5;90.4
10302;Puerto Octay;95.9;68.7;105.6;53.4;97.5;70.2;77.2;68.8;83.3;100.5;99.8;108.1;92.4;84.7;70.1;81.2;86.1;62.1
10303;Purranque;108.2;131;127.8;99.4;139.9;109.2;126;97.2;99.7;113.4;121.8;104.1;92.8;97.1;99.1;114.2;91.4;77.8
10304;Puyehue;71.5;79.4;76.4;95.9;109.9;55.7;52.9;104.2;82.9;114.8;103.4;69.2;87;79.9;98.4;87.8;78.1;92.1
10305;Río Negro;86;97.7;80.7;120.8;114.7;82.6;116.4;99.8;107;131.6;108.7;116;84.2;81;91.8;122.1;79.9;85
10306;San Juan de la Costa;116.6;144.2;188.2;122.2;134;209.1;155.4;144.3;169.9;154.1;106.6;140.9;126.6;132.7;121.1;123.7;131.6;163.5
10307;San Pablo;92.6;112.5;138.3;130.6;100;96.9;98.6;104.9;153.1;95.2;124;120.4;106.4;135.8;89.5;115.6;72.6;77.1
10401;Chaitén;70.3;71.5;61.6;113.4;91.4;118.8;62.4;38.2;92.9;70.9;44.1;49.9;21.2;48.7;81.1;16.6;76;39.6
10402;Futaleufú;59.7;24.1;102.4;128.1;70.4;75.9;75.7;37.2;41.1;97.4;76.2;79.2;32.8;117.7;129.4;142.1;8.5;71
10403;Hualaihué;125.7;101.2;64.5;91.1;99.1;92.3;74.3;80;72.1;58.4;81.4;90.9;114.1;43.6;67.2;83.9;65;77.3
10404;Palena;68.4;62.4;115.4;81.8;70.1;167.1;65.8;108.3;63.2;45.1;103.1;163.6;195;109.7;76.2;145;100.1;31
11101;Coihaique;76.3;99.9;87.1;107.5;87;90.5;82.6;76.3;62.4;72.3;67;82.2;84.2;67.8;85.9;57.5;73.8;66.5
11102;Lago Verde;204.4;16.5;23.1;144.5;69.5;333.3;19.5;73.1;10.9;100;62.1;222.6;21.1;35.3;111;145.4;38.5;6
11201;Aisén;87.7;100.6;98.2;98;123.4;119.3;107.8;122.4;121.9;96.3;95.9;86.1;126.3;155.4;118.9;138.8;68.2;78.2
11202;Cisnes;70.5;90.2;70.5;95.3;31.3;58;53.7;70.4;84.3;75.6;86.8;111.9;62.1;64.5;63;76.5;63.9;77
11203;Guaitecas;127.8;165.9;37.5;48.7;100.4;118.7;92.8;65.2;21.9;85.2;46.7;163.6;141;159.1;22.9;101;103.9;120
11301;Cochrane;152;127.4;21.7;202.8;87.9;94.4;72.7;122.8;57.7;106.3;176.7;91.2;42.9;61.6;51.9;48.3;94;105.5
11302;O'Higgins;0;173.4;98.3;197;174.6;292.6;140.1;0;60;107.6;0;175.6;53.4;7.6;19.3;129.5;74.5;188.7
11303;Tortel;202;90.9;157.5;154.1;97.7;0;63.8;174.5;159.1;226.4;0;368.1;145.2;93.7;0;30.9;0;
11401;Chile Chico;100.5;156;107.6;50.9;64;90.7;74.1;145.8;69.8;147.2;105.9;111.4;144.8;79;72.3;82.3;90.6;65.9
11402;Río Ibáñez;113;101.2;125;118.6;96.2;49.6;22.5;44.7;99.1;70.9;119.5;110;91.2;91.9;75.4;80.8;115.7;82
12101;Punta Arenas;97.5;96;94.3;91.6;85.5;94.8;100;92.3;87.4;90.9;96.6;96.1;88.3;95.6;91.6;85.1;78.2;83.1
12102;Laguna Blanca;0;59.9;0;0;0;57.8;0;22.6;0;47;0;0;0;0;0;0;0;
12103;Río Verde;0;0;0;0;0;0;0;66.9;323.1;0;35.7;0;47;0;65;44.6;0;119.4
12104;San Gregorio;9.3;0;48.8;0;9;0;0;0;0;59.8;1.2;27.5;7.6;23.6;0;45.2;90.2;
12201;Cabo de Hornos;18.4;4.9;15.6;28.8;62.1;50.5;21.7;23.4;11.7;6.5;6.5;32.9;0;0;9.7;0;12.8;6.8
12202;Antártica;0;0;147.5;0;0;0;888.9;0;0;0;0;0;0;0;471.9;0;0;
12301;Porvenir;141.3;113.8;106.4;149.2;104.6;96.2;91.6;161.9;95.7;116.8;114.7;83.8;91.1;73.7;71.5;66.8;42.9;90.6
12302;Primavera;0;28.8;47.7;0;15.2;206.6;28.2;43.3;0;0;90.8;60.5;45.7;18.4;1.7;14.4;0;
12303;Timaukel;0;170.6;315.3;64.1;0;0;101;0;44;32.5;0;38;0;0;0;0;0;486.9
12401;Natales;111.4;108.5;97.6;92;128.8;103.7;137.5;93.6;117.1;92.4;106.8;89;70;90.2;99.4;90;76.1;73.6
12402;Torres del Paine;108.1;0;131.1;244.7;0;0;0;0;0;0;53.3;25.7;0;0;115.4;0;0;
